id,sira,ders,sinif,unite,konu,baslik,kazanim_kodu,kazanim,aciklama,yorum,etiketler
cografya-9-9_1_1,1,COĞRAFYA,9,,,9. SINIF COĞRAFYA DERSİ ÖĞRETİM PROGRAMI,9.1.1,Doğa ve insan etkileşimini örneklerle açıklar.,a) Dünyadan ve Türkiye'den örnekler verilir. b) Doğa-insan etkileşiminde insanların doğaya karşı göstermesi gereken duyarlılığa yer verilir.,"Kazanımın odağı, öğrencinin doğa ve insan etkileşimini örneklerle açıklar. hedefidir. Açıklamada belirtilen kapsam ve sınırlar soru ve etkinliklerde esas alınır.",doğa; insan; etkileşimini; örneklerle
cografya-9-9_1_2,2,COĞRAFYA,9,,,9. SINIF COĞRAFYA DERSİ ÖĞRETİM PROGRAMI,9.1.2,Coğrafyanın konularını ve bölümlenmesini açıklar.,Coğrafyanın ilişkili olduğu disiplinlere yer verilir.,"Kazanımın odağı, öğrencinin coğrafyanın konularını ve bölümlenmesini açıklar. hedefidir. Açıklamada belirtilen kapsam ve sınırlar soru ve etkinliklerde esas alınır.",coğrafyanın; konularını; bölümlenmesini
cografya-9-9_1_3,3,COĞRAFYA,9,,,9. SINIF COĞRAFYA DERSİ ÖĞRETİM PROGRAMI,9.1.3,Coğrafya biliminin gelişimini açıklar.,a) Coğrafya biliminin önemine değinilir. b) Coğrafya biliminin gelişimine katkı sağlayan Türk ve Müslüman bilim insanlarının çalışmalarına da yer verilir.,"Kazanımın odağı, öğrencinin coğrafya biliminin gelişimini açıklar. hedefidir. Açıklamada belirtilen kapsam ve sınırlar soru ve etkinliklerde esas alınır.",coğrafya; biliminin; gelişimini
cografya-9-9_1_4,4,COĞRAFYA,9,,,9. SINIF COĞRAFYA DERSİ ÖĞRETİM PROGRAMI,9.1.4,Dünya’nın şekli ve hareketlerinin etkilerini değerlendirir.,Dünya’nın Güneş Sistemi içindeki yerine kısaca değinilir. DOĞAL SİSTEMLER,"Kazanımın odağı, öğrencinin dünya’nın şekli ve hareketlerinin etkilerini değerlendirir. hedefidir. Açıklamada belirtilen kapsam ve sınırlar soru ve etkinliklerde esas alınır.",dünya’nın; şekli; hareketlerinin; etkilerini
cografya-9-9_1_5,5,COĞRAFYA,9,,,9. SINIF COĞRAFYA DERSİ ÖĞRETİM PROGRAMI,9.1.5,Koordinat sistemini kullanarak zaman ve yere ait özellikler hakkında çıkarımlarda bulunur.,a) Mutlak ve göreceli konum kavramlarına yer verilir. b) Türkiye’nin konumuna yer verilir.,"Kazanımın odağı, öğrencinin koordinat sistemini kullanarak zaman ve yere ait özellikler hakkında çıkarımlarda bulunur. hedefidir. Açıklamada belirtilen kapsam ve sınırlar soru ve etkinliklerde esas alınır.",koordinat; sistemini; kullanarak; zaman; yere; özellikler; çıkarımlarda; bulunur
cografya-9-9_1_6,6,COĞRAFYA,9,,,9. SINIF COĞRAFYA DERSİ ÖĞRETİM PROGRAMI,9.1.6,Haritayı oluşturan unsurlardan yararlanarak harita kullanır.,a) Harita Projeksiyonlarına yer verilir. b) Farklı harita türlerine ve kullanım amaçlarına yer verilir. c) Ölçek ile uzunluk ve alan ilişkilerinde basit örneklere yer verilir. Alan hesaplamalarında sadece gerçek alan hesaplamalarına yer verilir.,"Kazanımın odağı, öğrencinin haritayı oluşturan unsurlardan yararlanarak harita kullanır. hedefidir. Açıklamada belirtilen kapsam ve sınırlar soru ve etkinliklerde esas alınır.",haritayı; oluşturan; unsurlardan; yararlanarak; harita
cografya-9-9_1_7,7,COĞRAFYA,9,,,9. SINIF COĞRAFYA DERSİ ÖĞRETİM PROGRAMI,9.1.7,Bilgileri haritalara aktarmada kullanılan yöntem ve teknikleri açıklar.,"a) Haritacılık tarihinde önemli olan Türk ve Müslüman bilim insanları ve çalışmaları üzerinde durulur. b) Coğrafi Bilgi Sistemlerine (CBS) ve uzaktan algılama tekniklerine yer verilir. c) Mekânsal verilerin haritaya aktarımında nokta, çizgi ve alansal gösterimlerden yararlanılması sağlanır.","Kazanımın odağı, öğrencinin bilgileri haritalara aktarmada kullanılan yöntem ve teknikleri açıklar. hedefidir. Açıklamada belirtilen kapsam ve sınırlar soru ve etkinliklerde esas alınır.",bilgileri; haritalara; aktarmada; kullanılan; yöntem; teknikleri
cografya-9-9_1_8,8,COĞRAFYA,9,,,9. SINIF COĞRAFYA DERSİ ÖĞRETİM PROGRAMI,9.1.8,Haritalarda yer şekillerinin gösteriminde kullanılan yöntem ve teknikleri açıklar.,a) Eş yükselti eğrilerinin özelliklerine yer verilir. b) Eş yükselti eğrileri ile çizilmiş haritalar üzerinde yer şekillerinin ayırt edilmesine yer verilir. c) Haritalarda yer şekillerini gösterme yöntemlerinden renklendirme ve kabartma yöntemlerine yer verilir.,"Kazanımın odağı, öğrencinin haritalarda yer şekillerinin gösteriminde kullanılan yöntem ve teknikleri açıklar. hedefidir. Açıklamada belirtilen kapsam ve sınırlar soru ve etkinliklerde esas alınır.",haritalarda; şekillerinin; gösteriminde; kullanılan; yöntem; teknikleri
cografya-9-9_1_9,9,COĞRAFYA,9,,,9. SINIF COĞRAFYA DERSİ ÖĞRETİM PROGRAMI,9.1.9,Atmosferin katmanları ve özellikleri ile hava olaylarını ilişkilendirir.,,"Kazanımın odağı, öğrencinin atmosferin katmanları ve özellikleri ile hava olaylarını ilişkilendirir. hedefidir.",atmosferin; katmanları; özellikleri; hava; olaylarını
cografya-9-9_1_10,10,COĞRAFYA,9,,,9. SINIF COĞRAFYA DERSİ ÖĞRETİM PROGRAMI,9.1.10,Örneklerden yararlanarak hava durumu ile iklim özelliklerini etkileri açısından karşılaştırır.,,"Kazanımın odağı, öğrencinin örneklerden yararlanarak hava durumu ile iklim özelliklerini etkileri açısından karşılaştırır. hedefidir.",örneklerden; yararlanarak; hava; durumu; iklim; özelliklerini; etkileri; açısından
cografya-9-9_1_11,11,COĞRAFYA,9,,,9. SINIF COĞRAFYA DERSİ ÖĞRETİM PROGRAMI,9.1.11,İklim elemanlarının oluşumunu ve dağılışını açıklar.,a) İklim elemanlarına ait temel kavramlara ve iklim elamanlarını etkileyen faktörlere yer verilir. b) İklim elemanlarının günlük hayata etkilerine örnekler üzerinden yer verilir. c) Yaşanılan yerdeki iklim elemanlarına ait verilerden yararlanılarak tablo ve grafikler çizilir ve günlük hayatla ilişkilendirilir.,"Kazanımın odağı, öğrencinin i̇klim elemanlarının oluşumunu ve dağılışını açıklar. hedefidir. Açıklamada belirtilen kapsam ve sınırlar soru ve etkinliklerde esas alınır.",i̇klim; elemanlarının; oluşumunu; dağılışını
cografya-9-9_1_12,12,COĞRAFYA,9,,,9. SINIF COĞRAFYA DERSİ ÖĞRETİM PROGRAMI,9.1.12,Yeryüzündeki farklı iklim tiplerinin özellikleri ve dağılışları hakkında çıkarımlarda bulunur.,Gerçek istasyonlara ait klimatolojik verilerin yer aldığı iklim grafiklerine yer verilir.,"Kazanımın odağı, öğrencinin yeryüzündeki farklı iklim tiplerinin özellikleri ve dağılışları hakkında çıkarımlarda bulunur. hedefidir. Açıklamada belirtilen kapsam ve sınırlar soru ve etkinliklerde esas alınır.",yeryüzündeki; farklı; iklim; tiplerinin; özellikleri; dağılışları; çıkarımlarda; bulunur
cografya-9-9_1_13,13,COĞRAFYA,9,,,9. SINIF COĞRAFYA DERSİ ÖĞRETİM PROGRAMI,9.1.13,Türkiye’de görülen iklim tiplerinin özellikleri hakkında çıkarımlarda bulunur.,a) Türkiye’nin iklimini etkileyen faktörlere yer verilir. b) Türkiye’deki iklim elemanlarının özellikleri üzerinde durulur. c) Türkiye’de görülen iklim tipleri ve özelliklerine yer verilir.,"Kazanımın odağı, öğrencinin türkiye’de görülen iklim tiplerinin özellikleri hakkında çıkarımlarda bulunur. hedefidir. Açıklamada belirtilen kapsam ve sınırlar soru ve etkinliklerde esas alınır.",türkiye’de; görülen; iklim; tiplerinin; özellikleri; çıkarımlarda; bulunur
cografya-9-9_2_1,14,COĞRAFYA,9,,,9. SINIF COĞRAFYA DERSİ ÖĞRETİM PROGRAMI,9.2.1,Yerleşmelerin gelişimini etkileyen faktörleri analiz eder.,Yerleşme yeri seçiminde etkili olan faktörlere yer verilir.,"Kazanımın odağı, öğrencinin yerleşmelerin gelişimini etkileyen faktörleri analiz eder. hedefidir. Açıklamada belirtilen kapsam ve sınırlar soru ve etkinliklerde esas alınır.",yerleşmelerin; gelişimini; etkileyen; faktörleri
cografya-9-9_2_2,15,COĞRAFYA,9,,,9. SINIF COĞRAFYA DERSİ ÖĞRETİM PROGRAMI,9.2.2,Yerleşme doku ve tiplerinin oluşumunda etkili olan faktörleri örneklerle açıklar.,"a) Toplu ve dağınık yerleşmelerin oluşumunda etkili olan faktörlere yer verilir. BEŞERÎ b) Kır ve şehir yerleşmelerinin oluşumunda etkili olan faktörlere yer verilir. SİSTEMLER 9.2.3. Türkiye’de yerleşmelerin dağılışını etkileyen faktörleri örneklerle açıklar. Türkiye’deki ilk yerleşme örneklerine (Göbeklitepe, Çatalhöyük, Alacahöyük) yer verilir.","Kazanımın odağı, öğrencinin yerleşme doku ve tiplerinin oluşumunda etkili olan faktörleri örneklerle açıklar. hedefidir. Açıklamada belirtilen kapsam ve sınırlar soru ve etkinliklerde esas alınır.",yerleşme; doku; tiplerinin; oluşumunda; etkili; faktörleri; örneklerle
cografya-9-9_2_4,16,COĞRAFYA,9,,,9. SINIF COĞRAFYA DERSİ ÖĞRETİM PROGRAMI,9.2.4,Türkiye’deki yerleşim birimlerini idari fonksiyonlarına göre ayırt eder.,"Türkiye’nin idari yapısı verilirken ülkenin mevcut sınırlar dâhilinde bölünmez bütünlüğüne vurgu yapılır. KÜRESEL 9.3.1. Dünyadaki farklı bölge örneklerini, özellikleri ve bölge belirlemede kullanılan kriterler açısından değerlendirir. ORTAM : a) Şekilsel ve işlevsel bölge ayrımına yer verilir. BÖLGELER b) Türkiye’den ve dünyadan farklı bölge örneklerine yer verilir. VE 9.3.2. Bölge sınırlarının amaca göre değişebilirliğini örneklerle açıklar. ÜLKELER 9.3.3. Harita kullanarak çeşitli coğrafi kriterlerle belirlenmiş bölgelerde bulunan ülkeleri sınıflandırır.","Kazanımın odağı, öğrencinin türkiye’deki yerleşim birimlerini idari fonksiyonlarına göre ayırt eder. hedefidir. Açıklamada belirtilen kapsam ve sınırlar soru ve etkinliklerde esas alınır.",türkiye’deki; yerleşim; birimlerini; idari; fonksiyonlarına; ayırt
cografya-9-9_4_1,17,COĞRAFYA,9,,,9. SINIF COĞRAFYA DERSİ ÖĞRETİM PROGRAMI,9.4.1,İnsanların doğal çevreyi kullanma biçimlerini örneklendirir.,"Karadeniz Sahil Yolu, Maltepe Sahil Parkı, Avrasya Tüneli, Osman Gazi Köprüsü, Ordu-Giresun Hava Limanı, Marmaray ve BAE- ÇEVRE VE Dubai Palmiye gibi örneklere değinilir. TOPLUM 9.4.2. Doğal ortamda insan etkisiyle meydana gelen değişimleri sonuçları açısından değerlendirir. a) Örnek olaylardan hareketle insanın atmosfer, litosfer, hidrosfer ve biyosfer üzerindeki etkilerine yer verilir. b) İnsanların doğal ortam üzerinde gerçekleştirdikleri değişimlerde, doğaya karşı duyarlı olmalarının gerekliliği vurgulanır.","Kazanımın odağı, öğrencinin i̇nsanların doğal çevreyi kullanma biçimlerini örneklendirir. hedefidir. Açıklamada belirtilen kapsam ve sınırlar soru ve etkinliklerde esas alınır.",i̇nsanların; doğal; çevreyi; kullanma; biçimlerini; örneklendirir
cografya-10-10_1_1,18,COĞRAFYA,10,,,10. SINIF COĞRAFYA DERSİ ÖĞRETİM PROGRAMI,10.1.1,Dünya’nın tektonik oluşumunu açıklar.,a) Dünya’nın iç yapısı ile ilgili temel bilgiler verilir. b) Levha tektoniği kuramına yer verilir.,"Kazanımın odağı, öğrencinin dünya’nın tektonik oluşumunu açıklar. hedefidir. Açıklamada belirtilen kapsam ve sınırlar soru ve etkinliklerde esas alınır.",dünya’nın; tektonik; oluşumunu
cografya-10-10_1_2,19,COĞRAFYA,10,,,10. SINIF COĞRAFYA DERSİ ÖĞRETİM PROGRAMI,10.1.2,Jeolojik zamanların özelliklerini tektonik olaylarla ilişkilendirerek açıklar.,a) Jeolojik zamanların adlandırılması Türkçe olarak da yapılır. b) Jeolojik zamanların özelliklerine yer verilirken Türkiye’nin jeolojik geçmişine değinilir. c) Türkiye'nin tektonizmasına yer verilir.,"Kazanımın odağı, öğrencinin jeolojik zamanların özelliklerini tektonik olaylarla ilişkilendirerek açıklar. hedefidir. Açıklamada belirtilen kapsam ve sınırlar soru ve etkinliklerde esas alınır.",jeolojik; zamanların; özelliklerini; tektonik; olaylarla; ilişkilendirerek
cografya-10-10_1_3,20,COĞRAFYA,10,,,10. SINIF COĞRAFYA DERSİ ÖĞRETİM PROGRAMI,10.1.3,İç kuvvetleri; yer şekillerinin oluşum sürecine etkileri açısından açıklar.,,"Kazanımın odağı, öğrencinin i̇ç kuvvetleri; yer şekillerinin oluşum sürecine etkileri açısından açıklar. hedefidir.",kuvvetleri; şekillerinin; oluşum; sürecine; etkileri; açısından
cografya-10-10_1_4,21,COĞRAFYA,10,,,10. SINIF COĞRAFYA DERSİ ÖĞRETİM PROGRAMI,10.1.4,Kayaçların özellikleri ile yeryüzü şekillerinin oluşum süreçlerini ilişkilendirir.,Kayaçların kullanım alanlarına yönelik örneklere yer verilir. DOĞAL SİSTEMLER,"Kazanımın odağı, öğrencinin kayaçların özellikleri ile yeryüzü şekillerinin oluşum süreçlerini ilişkilendirir. hedefidir. Açıklamada belirtilen kapsam ve sınırlar soru ve etkinliklerde esas alınır.",kayaçların; özellikleri; yeryüzü; şekillerinin; oluşum; süreçlerini
cografya-10-10_1_5,22,COĞRAFYA,10,,,10. SINIF COĞRAFYA DERSİ ÖĞRETİM PROGRAMI,10.1.5,Türkiye’deki yer şekillerinin oluşum sürecine iç kuvvetlerin etkisini açıklar.,"Türkiye’deki faylar, levha hareketleri ve depremler arasındaki ilişkiye yer verilir.","Kazanımın odağı, öğrencinin türkiye’deki yer şekillerinin oluşum sürecine iç kuvvetlerin etkisini açıklar. hedefidir. Açıklamada belirtilen kapsam ve sınırlar soru ve etkinliklerde esas alınır.",türkiye’deki; şekillerinin; oluşum; sürecine; kuvvetlerin; etkisini
cografya-10-10_1_6,23,COĞRAFYA,10,,,10. SINIF COĞRAFYA DERSİ ÖĞRETİM PROGRAMI,10.1.6,Dış kuvvetleri yer şekillerinin oluşum sürecine etkileri açısından açıklar.,,"Kazanımın odağı, öğrencinin dış kuvvetleri yer şekillerinin oluşum sürecine etkileri açısından açıklar. hedefidir.",kuvvetleri; şekillerinin; oluşum; sürecine; etkileri; açısından
cografya-10-10_1_7,24,COĞRAFYA,10,,,10. SINIF COĞRAFYA DERSİ ÖĞRETİM PROGRAMI,10.1.7,Türkiye’deki yer şekillerinin oluşum sürecine dış kuvvetlerin etkisini açıklar.,,"Kazanımın odağı, öğrencinin türkiye’deki yer şekillerinin oluşum sürecine dış kuvvetlerin etkisini açıklar. hedefidir.",türkiye’deki; şekillerinin; oluşum; sürecine; kuvvetlerin; etkisini
cografya-10-10_1_8,25,COĞRAFYA,10,,,10. SINIF COĞRAFYA DERSİ ÖĞRETİM PROGRAMI,10.1.8,Türkiye’deki ana yer şekillerini temel özellikleri ve dağılışları açısından değerlendirir.,"Dağ, ova ve platolar ele alınır.","Kazanımın odağı, öğrencinin türkiye’deki ana yer şekillerini temel özellikleri ve dağılışları açısından değerlendirir. hedefidir. Açıklamada belirtilen kapsam ve sınırlar soru ve etkinliklerde esas alınır.",türkiye’deki; şekillerini; temel; özellikleri; dağılışları; açısından
cografya-10-10_1_9,26,COĞRAFYA,10,,,10. SINIF COĞRAFYA DERSİ ÖĞRETİM PROGRAMI,10.1.9,Yeryüzündeki su varlıklarını özelliklerine göre sınıflandırır.,,"Kazanımın odağı, öğrencinin yeryüzündeki su varlıklarını özelliklerine göre sınıflandırır. hedefidir.",yeryüzündeki; varlıklarını; özelliklerine; sınıflandırır
cografya-10-10_1_10,27,COĞRAFYA,10,,,10. SINIF COĞRAFYA DERSİ ÖĞRETİM PROGRAMI,10.1.10,Türkiye’deki su varlıklarının genel özelliklerini ve dağılışını açıklar.,Su varlıklarının dağılışının harita üzerinden gösterilmesi sağlanır.,"Kazanımın odağı, öğrencinin türkiye’deki su varlıklarının genel özelliklerini ve dağılışını açıklar. hedefidir. Açıklamada belirtilen kapsam ve sınırlar soru ve etkinliklerde esas alınır.",türkiye’deki; varlıklarının; genel; özelliklerini; dağılışını
cografya-10-10_1_11,28,COĞRAFYA,10,,,10. SINIF COĞRAFYA DERSİ ÖĞRETİM PROGRAMI,10.1.11,"Türkiye’deki su varlığını verimli kullanmanın ekonomik, sosyal ve kültürel etkilerini değerlendirir.",a) Su kaynakları içinde denizlerimizin potansiyeli ve ülkemiz için önemi üzerinde durulur. b) Su kaynaklarımızın sürdürülebilir kullanımı için bireylere düşen sorumluluklara değinilir.,"Kazanımın odağı, öğrencinin türkiye’deki su varlığını verimli kullanmanın ekonomik, sosyal ve kültürel etkilerini değerlendirir. hedefidir. Açıklamada belirtilen kapsam ve sınırlar soru ve etkinliklerde esas alınır.",türkiye’deki; varlığını; verimli; kullanmanın; ekonomik; sosyal; kültürel; etkilerini
cografya-10-10_1_12,29,COĞRAFYA,10,,,10. SINIF COĞRAFYA DERSİ ÖĞRETİM PROGRAMI,10.1.12,Yeryüzündeki toprak çeşitliliğini oluşum süreçleri ile ilişkilendirir.,,"Kazanımın odağı, öğrencinin yeryüzündeki toprak çeşitliliğini oluşum süreçleri ile ilişkilendirir. hedefidir.",yeryüzündeki; toprak; çeşitliliğini; oluşum; süreçleri
cografya-10-10_1_13,30,COĞRAFYA,10,,,10. SINIF COĞRAFYA DERSİ ÖĞRETİM PROGRAMI,10.1.13,Türkiye’deki toprakların dağılışını etkileyen faktörler ile toprak tiplerini ilişkilendirir.,,"Kazanımın odağı, öğrencinin türkiye’deki toprakların dağılışını etkileyen faktörler ile toprak tiplerini ilişkilendirir. hedefidir.",türkiye’deki; toprakların; dağılışını; etkileyen; faktörler; toprak; tiplerini
cografya-10-10_1_14,31,COĞRAFYA,10,,,10. SINIF COĞRAFYA DERSİ ÖĞRETİM PROGRAMI,10.1.14,Türkiye topraklarının kullanımını verimlilik açısından değerlendirir.,a) Türkiye’de erozyonun etkisine vurgu yapılır. b) Gelecek nesillere daha yaşanabilir bir ülke bırakabilmek için topraklarımızın korunmasının gerekliliğine değinilir.,"Kazanımın odağı, öğrencinin türkiye topraklarının kullanımını verimlilik açısından değerlendirir. hedefidir. Açıklamada belirtilen kapsam ve sınırlar soru ve etkinliklerde esas alınır.",türkiye; topraklarının; kullanımını; verimlilik; açısından
cografya-10-10_1_15,32,COĞRAFYA,10,,,10. SINIF COĞRAFYA DERSİ ÖĞRETİM PROGRAMI,10.1.15,Bitki toplulukları ve türlerini genel özelliklerine göre sınıflandırır.,,"Kazanımın odağı, öğrencinin bitki toplulukları ve türlerini genel özelliklerine göre sınıflandırır. hedefidir.",bitki; toplulukları; türlerini; genel; özelliklerine; sınıflandırır
cografya-10-10_1_16,33,COĞRAFYA,10,,,10. SINIF COĞRAFYA DERSİ ÖĞRETİM PROGRAMI,10.1.16,Bitki topluluklarının dağılışı ile iklim ve yer şekillerini ilişkilendirir.,,"Kazanımın odağı, öğrencinin bitki topluluklarının dağılışı ile iklim ve yer şekillerini ilişkilendirir. hedefidir.",bitki; topluluklarının; dağılışı; iklim; şekillerini
cografya-10-10_1_17,34,COĞRAFYA,10,,,10. SINIF COĞRAFYA DERSİ ÖĞRETİM PROGRAMI,10.1.17,Türkiye’deki doğal bitki topluluklarının dağılışını yetişme şartları açısından analiz eder.,"Türkiye’deki endemik ve relikt bitkilerin dağılışı, önemi ve korunması gerekliliği üzerinde durulur.","Kazanımın odağı, öğrencinin türkiye’deki doğal bitki topluluklarının dağılışını yetişme şartları açısından analiz eder. hedefidir. Açıklamada belirtilen kapsam ve sınırlar soru ve etkinliklerde esas alınır.",türkiye’deki; doğal; bitki; topluluklarının; dağılışını; yetişme; şartları; açısından
cografya-10-10_2_1,35,COĞRAFYA,10,,,10. SINIF COĞRAFYA DERSİ ÖĞRETİM PROGRAMI,10.2.1,İstatistiki verilerden yararlanarak nüfus özellikleri ve nüfusun önemi hakkında çıkarımlarda bulunur.,a) Nüfus artış ve azalışının olumlu ve olumsuz etkilerine örnek ülkeler üzerinden yer verilir. b) Nitelikli genç nüfusun ülkelerin kalkınmasındaki önemi vurgulanır. c) Nüfus artış hızı ile ülkelerin kalkınması arasındaki ilişkiye yer verilir.,"Kazanımın odağı, öğrencinin i̇statistiki verilerden yararlanarak nüfus özellikleri ve nüfusun önemi hakkında çıkarımlarda bulunur. hedefidir. Açıklamada belirtilen kapsam ve sınırlar soru ve etkinliklerde esas alınır.",i̇statistiki; verilerden; yararlanarak; nüfus; özellikleri; nüfusun; önemi; çıkarımlarda
cografya-10-10_2_2,36,COĞRAFYA,10,,,10. SINIF COĞRAFYA DERSİ ÖĞRETİM PROGRAMI,10.2.2,İstatistiki verilerden yararlanarak dünya nüfusunun tarihsel süreçteki değişimine ilişkin çıkarımlarda bulunur.,,"Kazanımın odağı, öğrencinin i̇statistiki verilerden yararlanarak dünya nüfusunun tarihsel süreçteki değişimine ilişkin çıkarımlarda bulunur. hedefidir.",i̇statistiki; verilerden; yararlanarak; dünya; nüfusunun; tarihsel; süreçteki; değişimine
cografya-10-10_2_3,37,COĞRAFYA,10,,,10. SINIF COĞRAFYA DERSİ ÖĞRETİM PROGRAMI,10.2.3,Nüfusun dağılışı üzerinde etkili olan faktörler ile dünya nüfusunun dağılışını ilişkilendirir.,Nüfus yoğunluğunu hesaplama yöntemlerinden sadece “Aritmetik Nüfus Yoğunluğu”na yer verilir.,"Kazanımın odağı, öğrencinin nüfusun dağılışı üzerinde etkili olan faktörler ile dünya nüfusunun dağılışını ilişkilendirir. hedefidir. Açıklamada belirtilen kapsam ve sınırlar soru ve etkinliklerde esas alınır.",nüfusun; dağılışı; üzerinde; etkili; faktörler; dünya; nüfusunun; dağılışını
cografya-10-10_2_4,38,COĞRAFYA,10,,,10. SINIF COĞRAFYA DERSİ ÖĞRETİM PROGRAMI,10.2.4,Nüfus piramitlerinden hareketle nüfusun yapısıyla ilgili çıkarımlarda bulunur.,a) Temel nüfus piramitlerinin özellikleri verilir. b) Nüfus piramidi oluşturulması sağlanır.,"Kazanımın odağı, öğrencinin nüfus piramitlerinden hareketle nüfusun yapısıyla ilgili çıkarımlarda bulunur. hedefidir. Açıklamada belirtilen kapsam ve sınırlar soru ve etkinliklerde esas alınır.",nüfus; piramitlerinden; hareketle; nüfusun; yapısıyla; çıkarımlarda; bulunur
cografya-10-10_2_5,39,COĞRAFYA,10,,,10. SINIF COĞRAFYA DERSİ ÖĞRETİM PROGRAMI,10.2.5,Türkiye’de nüfusun tarihsel seyrini sosyal ve ekonomik faktörler açısından değerlendirir.,BEŞERİ SİSTEMLER,"Kazanımın odağı, öğrencinin türkiye’de nüfusun tarihsel seyrini sosyal ve ekonomik faktörler açısından değerlendirir. hedefidir. Açıklamada belirtilen kapsam ve sınırlar soru ve etkinliklerde esas alınır.",türkiye’de; nüfusun; tarihsel; seyrini; sosyal; ekonomik; faktörler; açısından
cografya-10-10_2_6,40,COĞRAFYA,10,,,10. SINIF COĞRAFYA DERSİ ÖĞRETİM PROGRAMI,10.2.6,"Türkiye’de nüfusun dağılışını, nüfusun dağılışında etkili olan faktörler açısından değerlendirir.",,"Kazanımın odağı, öğrencinin türkiye’de nüfusun dağılışını, nüfusun dağılışında etkili olan faktörler açısından değerlendirir. hedefidir.",türkiye’de; nüfusun; dağılışını; dağılışında; etkili; faktörler; açısından
cografya-10-10_2_7,41,COĞRAFYA,10,,,10. SINIF COĞRAFYA DERSİ ÖĞRETİM PROGRAMI,10.2.7,Güncel verilerden yararlanarak Türkiye nüfusunun yapısal özelliklerini analiz eder.,Türkiye nüfusunun cinsiyet yapısı verilirken toplumsal cinsiyet adaleti ve eşitliğine değinilir.,"Kazanımın odağı, öğrencinin güncel verilerden yararlanarak Türkiye nüfusunun yapısal özelliklerini analiz eder. hedefidir. Açıklamada belirtilen kapsam ve sınırlar soru ve etkinliklerde esas alınır.",güncel; verilerden; yararlanarak; türkiye; nüfusunun; yapısal; özelliklerini
cografya-10-10_2_8,42,COĞRAFYA,10,,,10. SINIF COĞRAFYA DERSİ ÖĞRETİM PROGRAMI,10.2.8,"Tarihî metin, belge ve haritalardan yararlanarak dünyadaki göçlerin nedenleri ve sonuçları hakkında çıkarımlarda bulunur.",a) Tarihteki önemli Türk göçlerinin sebepleri üzerinde durulur. b) Güncel mülteci göçlerine yer verilir.,"Kazanımın odağı, öğrencinin tarihî metin, belge ve haritalardan yararlanarak dünyadaki göçlerin nedenleri ve sonuçları hakkında çıkarımlarda bulunur. hedefidir. Açıklamada belirtilen kapsam ve sınırlar soru ve etkinliklerde esas alınır.",tarih; metin; belge; haritalardan; yararlanarak; dünyadaki; göçlerin; nedenleri
cografya-10-10_2_9,43,COĞRAFYA,10,,,10. SINIF COĞRAFYA DERSİ ÖĞRETİM PROGRAMI,10.2.9,Türkiye’deki göçleri sebep ve sonuçları açısından değerlendirir.,"a) Cumhuriyet’ten günümüze gerçekleşen iç ve dış göçlerin ekonomik, sosyal ve kültürel etkilerine yer verilir. b) Türkiye’ye göç etmek zorunda kalan topluluklara karşı saygılı ve paylaşımcı bir tutum sergilemenin gerekliliği vurgulanır.","Kazanımın odağı, öğrencinin türkiye’deki göçleri sebep ve sonuçları açısından değerlendirir. hedefidir. Açıklamada belirtilen kapsam ve sınırlar soru ve etkinliklerde esas alınır.",türkiye’deki; göçleri; sebep; sonuçları; açısından
cografya-10-10_2_10,44,COĞRAFYA,10,,,10. SINIF COĞRAFYA DERSİ ÖĞRETİM PROGRAMI,10.2.10,Göçün mekânsal etkilerini Türkiye'den örneklerle açıklar.,,"Kazanımın odağı, öğrencinin göçün mekânsal etkilerini Türkiye'den örneklerle açıklar. hedefidir.",göçün; nsal; etkilerini; türkiye; örneklerle
cografya-10-10_2_11,45,COĞRAFYA,10,,,10. SINIF COĞRAFYA DERSİ ÖĞRETİM PROGRAMI,10.2.11,Ekonomik faaliyetleri temel özelliklerine göre ayırt eder.,"a) Birincil, ikincil, üçüncül, dördüncül ve beşincil faaliyetlere yer verilir. b) Ulaşım ve iletişimin ekonomik faaliyetler üzerindeki etkilerine değinilir.","Kazanımın odağı, öğrencinin ekonomik faaliyetleri temel özelliklerine göre ayırt eder. hedefidir. Açıklamada belirtilen kapsam ve sınırlar soru ve etkinliklerde esas alınır.",ekonomik; faaliyetleri; temel; özelliklerine; ayırt
cografya-10-10_2_12,46,COĞRAFYA,10,,,10. SINIF COĞRAFYA DERSİ ÖĞRETİM PROGRAMI,10.2.12,"Ekonomik faaliyet türlerinin oransal dağılımına ilişkin verileri, ülkelerin gelişmişlik düzeyleriyle ilişkilendirerek çıkarımda bulunur.",KÜRESEL 10.3.1. Uluslararası ulaşım hatlarını bölgesel ve küresel etkileri açısından analiz eder. ORTAM: İstanbul’daki 3. Hava Limanı ve Kanal İstanbul projelerinin bölgesel ve küresel etkilerine yer verilir. BÖLGELER VE ÜLKELER,"Kazanımın odağı, öğrencinin ekonomik faaliyet türlerinin oransal dağılımına ilişkin verileri, ülkelerin gelişmişlik düzeyleriyle ilişkilendirerek çıkarımda bulunur. hedefidir. Açıklamada belirtilen kapsam ve sınırlar soru ve etkinliklerde esas alınır.",ekonomik; faaliyet; türlerinin; oransal; dağılımına; ilişkin; verileri; ülkelerin
cografya-10-10_4_1,47,COĞRAFYA,10,,,10. SINIF COĞRAFYA DERSİ ÖĞRETİM PROGRAMI,10.4.1,Afetlerin oluşum nedenlerini ve özelliklerini açıklar.,Coğrafi problemlerin çözümünde CBS ve diğer mekânsal teknolojilerden yararlanıldığına dair örneklere yer verilir.,"Kazanımın odağı, öğrencinin afetlerin oluşum nedenlerini ve özelliklerini açıklar. hedefidir. Açıklamada belirtilen kapsam ve sınırlar soru ve etkinliklerde esas alınır.",afetlerin; oluşum; nedenlerini; özelliklerini
cografya-10-10_4_2,48,COĞRAFYA,10,,,10. SINIF COĞRAFYA DERSİ ÖĞRETİM PROGRAMI,10.4.2,Afetlerin dağılışları ile etkilerini ilişkilendirir.,"ÇEVRE VE 10.4.3. Türkiye’deki afetlerin dağılışları ile etkilerini ilişkilendirir. TOPLUM 10.4.4. Afetlerden korunma yöntemlerini açıklar. a) Farklı ülkelerde doğal afetlere karşı yapılan uygulamalara yer verilir. b) Ülkemizde depremler başta olmak üzere, afetlere karşı bilinç oluşturmanın önemi üzerinde durulur. c) Afetlerin meydana gelme sürecinde bireylere düşen sorumluluklara değinilir.","Kazanımın odağı, öğrencinin afetlerin dağılışları ile etkilerini ilişkilendirir. hedefidir. Açıklamada belirtilen kapsam ve sınırlar soru ve etkinliklerde esas alınır.",afetlerin; dağılışları; etkilerini
cografya-11-11_1_1,49,COĞRAFYA,11,,,11. SINIF COĞRAFYA DERSİ ÖĞRETİM PROGRAMI,11.1.1,Biyoçeşitliliğin oluşumu ve azalmasında etkili olan faktörleri açıklar.,"Öğrencilerin biyoçeşitliliğin korunması için yapılan çalışmalar hakkında bilgi toplamaları, bireysel ya da grup olarak biyoçeşitliliğin DOĞAL SİSTEMLER korunması konusunda halkı bilinçlendirmek amacıyla kamu spotu hazırlamaları sağlanır.","Kazanımın odağı, öğrencinin biyoçeşitliliğin oluşumu ve azalmasında etkili olan faktörleri açıklar. hedefidir. Açıklamada belirtilen kapsam ve sınırlar soru ve etkinliklerde esas alınır.",biyoçeşitliliğin; oluşumu; azalmasında; etkili; faktörleri
cografya-11-11_1_2,50,COĞRAFYA,11,,,11. SINIF COĞRAFYA DERSİ ÖĞRETİM PROGRAMI,11.1.2,Ekosistemi oluşturan unsurları ayırt eder.,,"Kazanımın odağı, öğrencinin ekosistemi oluşturan unsurları ayırt eder. hedefidir.",ekosistemi; oluşturan; unsurları; ayırt
cografya-11-11_1_3,51,COĞRAFYA,11,,,11. SINIF COĞRAFYA DERSİ ÖĞRETİM PROGRAMI,11.1.3,Madde döngüleri ve enerji akışını ekosistemin devamlılığı açısından analiz eder.,"a) Azot, karbon, su ve besin döngüleri ile enerji akışına yer verilir. b) İnsan faaliyetlerinin karbon, azot, oksijen ve su döngülerine olan etkileri örneklendirilir.","Kazanımın odağı, öğrencinin madde döngüleri ve enerji akışını ekosistemin devamlılığı açısından analiz eder. hedefidir. Açıklamada belirtilen kapsam ve sınırlar soru ve etkinliklerde esas alınır.",madde; döngüleri; enerji; akışını; ekosistemin; devamlılığı; açısından
cografya-11-11_1_4,52,COĞRAFYA,11,,,11. SINIF COĞRAFYA DERSİ ÖĞRETİM PROGRAMI,11.1.4,Su ekosisteminin unsurlarını ve işleyişini açıklar.,a) Su döngüsü ve dünyadaki su varlığının doğal sistemlerin işleyişi üzerindeki etkilerine değinilir. b) Ramsar Sözleşmesi’ne vurgu yapılır. c) Türkiye’deki sulak alanların endemik zenginliğinin önemi ve korunmasının gerekliliği üzerinde durulur.,"Kazanımın odağı, öğrencinin su ekosisteminin unsurlarını ve işleyişini açıklar. hedefidir. Açıklamada belirtilen kapsam ve sınırlar soru ve etkinliklerde esas alınır.",ekosisteminin; unsurlarını; işleyişini
cografya-11-11_2_1,53,COĞRAFYA,11,,,11. SINIF COĞRAFYA DERSİ ÖĞRETİM PROGRAMI,11.2.1,Ülkelerin farklı dönemlerde izledikleri nüfus politikaları ve sonuçlarını karşılaştırır.,a) Dönemsel olarak nüfus politikalarında farklılık görülen bir ülkenin nüfus politikalarının incelenmesi sağlanır. b) Günümüzde farklı ülkelerin izlediği nüfus politikaları karşılaştırılır.,"Kazanımın odağı, öğrencinin ülkelerin farklı dönemlerde izledikleri nüfus politikaları ve sonuçlarını karşılaştırır. hedefidir. Açıklamada belirtilen kapsam ve sınırlar soru ve etkinliklerde esas alınır.",ülkelerin; farklı; dönemlerde; izledikleri; nüfus; politikaları; sonuçlarını; karşılaştırır
cografya-11-11_2_2,54,COĞRAFYA,11,,,11. SINIF COĞRAFYA DERSİ ÖĞRETİM PROGRAMI,11.2.2,Türkiye’nin nüfus politikalarını gerekçeleri açısından değerlendirir.,"TÜİK verilerinden hareketle Türkiye’de nüfus politikalarındaki değişimin grafik, tablo vb. kullanılarak yorumlanması sağlanır.","Kazanımın odağı, öğrencinin türkiye’nin nüfus politikalarını gerekçeleri açısından değerlendirir. hedefidir. Açıklamada belirtilen kapsam ve sınırlar soru ve etkinliklerde esas alınır.",türkiye’nin; nüfus; politikalarını; gerekçeleri; açısından
cografya-11-11_2_3,55,COĞRAFYA,11,,,11. SINIF COĞRAFYA DERSİ ÖĞRETİM PROGRAMI,11.2.3,Türkiye’nin nüfus projeksiyonlarına dayalı senaryolar oluşturur.,Farklı nüfus senaryolarına göre Türkiye’nin nüfus yapısına ilişkin çıkarımlara yer verilir.,"Kazanımın odağı, öğrencinin türkiye’nin nüfus projeksiyonlarına dayalı senaryolar oluşturur. hedefidir. Açıklamada belirtilen kapsam ve sınırlar soru ve etkinliklerde esas alınır.",türkiye’nin; nüfus; projeksiyonlarına; dayalı; senaryolar; oluşturur
cografya-11-11_2_4,56,COĞRAFYA,11,,,11. SINIF COĞRAFYA DERSİ ÖĞRETİM PROGRAMI,11.2.4,Şehirleri fonksiyonel özellikleri açısından karşılaştırır.,"a) Tarihsel süreçte şehirlerin fonksiyonel özelliklerindeki değişimlerin küresel etkilerine yer verilir. b) Tarihsel süreçteki başlıca Türk-İslam şehirlerinin (Semerkant, Buhara, Konya vb.) öne çıkan özelliklerine yer verilir.","Kazanımın odağı, öğrencinin şehirleri fonksiyonel özellikleri açısından karşılaştırır. hedefidir. Açıklamada belirtilen kapsam ve sınırlar soru ve etkinliklerde esas alınır.",şehirleri; fonksiyonel; özellikleri; açısından; karşılaştırır
cografya-11-11_2_5,57,COĞRAFYA,11,,,11. SINIF COĞRAFYA DERSİ ÖĞRETİM PROGRAMI,11.2.5,Şehirlerin küresel ve bölgesel etkilerini fonksiyonel açıdan yorumlar.,,"Kazanımın odağı, öğrencinin şehirlerin küresel ve bölgesel etkilerini fonksiyonel açıdan yorumlar. hedefidir.",şehirlerin; küresel; bölgesel; etkilerini; fonksiyonel; açıdan
cografya-11-11_2_6,58,COĞRAFYA,11,,,11. SINIF COĞRAFYA DERSİ ÖĞRETİM PROGRAMI,11.2.6,Türkiye’deki şehirleri fonksiyonlarına göre ayırt eder.,Türkiye’den örneklerle “Sakin Şehirler”e yer verilir.,"Kazanımın odağı, öğrencinin türkiye’deki şehirleri fonksiyonlarına göre ayırt eder. hedefidir. Açıklamada belirtilen kapsam ve sınırlar soru ve etkinliklerde esas alınır.",türkiye’deki; şehirleri; fonksiyonlarına; ayırt
cografya-11-11_2_7,59,COĞRAFYA,11,,,11. SINIF COĞRAFYA DERSİ ÖĞRETİM PROGRAMI,11.2.7,Türkiye’deki kır yerleşme tiplerini ayırt eder.,BEŞERİ SİSTEMLER,"Kazanımın odağı, öğrencinin türkiye’deki kır yerleşme tiplerini ayırt eder. hedefidir. Açıklamada belirtilen kapsam ve sınırlar soru ve etkinliklerde esas alınır.",türkiye’deki; yerleşme; tiplerini; ayırt
cografya-11-11_2_8,60,COĞRAFYA,11,,,11. SINIF COĞRAFYA DERSİ ÖĞRETİM PROGRAMI,11.2.8,"Doğal unsurları üretim, dağıtım ve tüketim süreçleri üzerindeki etkisi açısından değerlendirir.",,"Kazanımın odağı, öğrencinin doğal unsurları üretim, dağıtım ve tüketim süreçleri üzerindeki etkisi açısından değerlendirir. hedefidir.",doğal; unsurları; üretim; dağıtım; tüketim; süreçleri; üzerindeki; etkisi
cografya-11-11_2_9,61,COĞRAFYA,11,,,11. SINIF COĞRAFYA DERSİ ÖĞRETİM PROGRAMI,11.2.9,"Beşerî unsurları üretim, dağıtım ve tüketim süreçleri üzerindeki etkisi açısından değerlendirir.",,"Kazanımın odağı, öğrencinin beşerî unsurları üretim, dağıtım ve tüketim süreçleri üzerindeki etkisi açısından değerlendirir. hedefidir.",beşer; unsurları; üretim; dağıtım; tüketim; süreçleri; üzerindeki; etkisi
cografya-11-11_2_10,62,COĞRAFYA,11,,,11. SINIF COĞRAFYA DERSİ ÖĞRETİM PROGRAMI,11.2.10,"Üretim, dağıtım ve tüketim sektörleri arasındaki ilişkiyi ekonomiye etkisi açısından değerlendirir.",,"Kazanımın odağı, öğrencinin üretim, dağıtım ve tüketim sektörleri arasındaki ilişkiyi ekonomiye etkisi açısından değerlendirir. hedefidir.",üretim; dağıtım; tüketim; sektörleri; arasındaki; ilişkiyi; ekonomiye; etkisi
cografya-11-11_2_11,63,COĞRAFYA,11,,,11. SINIF COĞRAFYA DERSİ ÖĞRETİM PROGRAMI,11.2.11,Doğal kaynaklar ile ekonomi ilişkisini açıklar.,a) Doğal kaynaklar sınıflandırılır. b) Tarihsel süreçte “doğal kaynakların değeri ve kullanımındaki değişim”e farklı bölgelerden örneklerle yer verilir.,"Kazanımın odağı, öğrencinin doğal kaynaklar ile ekonomi ilişkisini açıklar. hedefidir. Açıklamada belirtilen kapsam ve sınırlar soru ve etkinliklerde esas alınır.",doğal; kaynaklar; ekonomi; ilişkisini
cografya-11-11_2_12,64,COĞRAFYA,11,,,11. SINIF COĞRAFYA DERSİ ÖĞRETİM PROGRAMI,11.2.12,Türkiye’deki doğal kaynaklar ile ekonomi arasındaki ilişkiyi analiz eder.,"Türkiye’deki doğal kaynakların ekonomiye yansımasının, istatistiki veriler ve görsellerden yararlanarak yorumlanması sağlanır.","Kazanımın odağı, öğrencinin türkiye’deki doğal kaynaklar ile ekonomi arasındaki ilişkiyi analiz eder. hedefidir. Açıklamada belirtilen kapsam ve sınırlar soru ve etkinliklerde esas alınır.",türkiye’deki; doğal; kaynaklar; ekonomi; arasındaki; ilişkiyi
cografya-11-11_2_13,65,COĞRAFYA,11,,,11. SINIF COĞRAFYA DERSİ ÖĞRETİM PROGRAMI,11.2.13,Türkiye’de uygulanan ekonomi politikalarını mekânsal etkileri açısından değerlendirir.,Cumhuriyet’ten günümüze izlenen ekonomik politikalar içinde mekânsal farklılıkları gidermeye yönelik projeler ve uygulamalar ele alınır.,"Kazanımın odağı, öğrencinin türkiye’de uygulanan ekonomi politikalarını mekânsal etkileri açısından değerlendirir. hedefidir. Açıklamada belirtilen kapsam ve sınırlar soru ve etkinliklerde esas alınır.",türkiye’de; uygulanan; ekonomi; politikalarını; nsal; etkileri; açısından
cografya-11-11_2_14,66,COĞRAFYA,11,,,11. SINIF COĞRAFYA DERSİ ÖĞRETİM PROGRAMI,11.2.14,Türkiye ekonomisinin sektörel dağılımından hareketle ülke ekonomisi hakkında çıkarımlarda bulunur.,Tarihsel süreçte sektörel değişime yer verilir.,"Kazanımın odağı, öğrencinin türkiye ekonomisinin sektörel dağılımından hareketle ülke ekonomisi hakkında çıkarımlarda bulunur. hedefidir. Açıklamada belirtilen kapsam ve sınırlar soru ve etkinliklerde esas alınır.",türkiye; ekonomisinin; sektörel; dağılımından; hareketle; ülke; ekonomisi; çıkarımlarda
cografya-11-11_2_15,67,COĞRAFYA,11,,,11. SINIF COĞRAFYA DERSİ ÖĞRETİM PROGRAMI,11.2.15,Türkiye’de tarım sektörünün özelliklerini açıklar.,"a) Tarım, hayvancılık, ormancılık ve balıkçılıkla ilgili temel kavramlara yer verilir. b) Türkiye'de tarımsal üretimi etkileyen faktörlere yer verilir.","Kazanımın odağı, öğrencinin türkiye’de tarım sektörünün özelliklerini açıklar. hedefidir. Açıklamada belirtilen kapsam ve sınırlar soru ve etkinliklerde esas alınır.",türkiye’de; tarım; sektörünün; özelliklerini
cografya-11-11_2_16,68,COĞRAFYA,11,,,11. SINIF COĞRAFYA DERSİ ÖĞRETİM PROGRAMI,11.2.16,Tarımın Türkiye ekonomisindeki yerini açıklar.,"a) Türkiye'de yetiştirilen başlıca tarımsal ürünlerin dağılışına yer verilir. b) Ülkelerin, tarımsal üretimdeki yeterliğinin önemine yer verilir.","Kazanımın odağı, öğrencinin tarımın Türkiye ekonomisindeki yerini açıklar. hedefidir. Açıklamada belirtilen kapsam ve sınırlar soru ve etkinliklerde esas alınır.",tarımın; türkiye; ekonomisindeki; yerini
cografya-11-11_2_17,69,COĞRAFYA,11,,,11. SINIF COĞRAFYA DERSİ ÖĞRETİM PROGRAMI,11.2.17,Türkiye'nin madenleri ve enerji kaynaklarının dağılışını açıklar.,"a) Madenlerin ve enerji kaynaklarının başlıca özelliklerine (rezerv, kullanım alanları vb) yer verilir. b) Madenlerin ve enerji kaynaklarının dağılışının harita üzerinden gösterilmesi sağlanır. c) Ülkemizde yaşanan maden kazalarına değinilerek madenlerde alınması gereken iş sağlığı ve güvenliği önlemlerine yer verilir.","Kazanımın odağı, öğrencinin türkiye'nin madenleri ve enerji kaynaklarının dağılışını açıklar. hedefidir. Açıklamada belirtilen kapsam ve sınırlar soru ve etkinliklerde esas alınır.",türkiye; madenleri; enerji; kaynaklarının; dağılışını
cografya-11-11_2_18,70,COĞRAFYA,11,,,11. SINIF COĞRAFYA DERSİ ÖĞRETİM PROGRAMI,11.2.18,Türkiye’nin maden ve enerji kaynaklarının etkin kullanımını ülke ekonomisine katkısı açısından değerlendirir.,,"Kazanımın odağı, öğrencinin türkiye’nin maden ve enerji kaynaklarının etkin kullanımını ülke ekonomisine katkısı açısından değerlendirir. hedefidir.",türkiye’nin; maden; enerji; kaynaklarının; etkin; kullanımını; ülke; ekonomisine
cografya-11-11_2_19,71,COĞRAFYA,11,,,11. SINIF COĞRAFYA DERSİ ÖĞRETİM PROGRAMI,11.2.19,Türkiye'de sanayi sektörünün özelliklerini açıklar.,a) Türkiye'de sanayiyi etkileyen faktörlere yer verilir. b) Türkiye’de sanayi sektörünün dağılışına yer verilir.,"Kazanımın odağı, öğrencinin türkiye'de sanayi sektörünün özelliklerini açıklar. hedefidir. Açıklamada belirtilen kapsam ve sınırlar soru ve etkinliklerde esas alınır.",türkiye; sanayi; sektörünün; özelliklerini
cografya-11-11_2_20,72,COĞRAFYA,11,,,11. SINIF COĞRAFYA DERSİ ÖĞRETİM PROGRAMI,11.2.20,"Türkiye sanayisini, ülke ekonomisindeki yeri açısından analiz eder.",Savunma sanayi alanındaki gelişmelere de yer verilir.,"Kazanımın odağı, öğrencinin türkiye sanayisini, ülke ekonomisindeki yeri açısından analiz eder. hedefidir. Açıklamada belirtilen kapsam ve sınırlar soru ve etkinliklerde esas alınır.",türkiye; sanayisini; ülke; ekonomisindeki; yeri; açısından
cografya-11-11_3_1,73,COĞRAFYA,11,,,11. SINIF COĞRAFYA DERSİ ÖĞRETİM PROGRAMI,11.3.1,"İlk kültür merkezlerinin ortaya çıkışı, yayılışı ve dağılışlarını belirleyen faktörleri açıklar.",,"Kazanımın odağı, öğrencinin i̇lk kültür merkezlerinin ortaya çıkışı, yayılışı ve dağılışlarını belirleyen faktörleri açıklar. hedefidir.",i̇lk; kültür; merkezlerinin; ortaya; çıkışı; yayılışı; dağılışlarını; belirleyen
cografya-11-11_3_2,74,COĞRAFYA,11,,,11. SINIF COĞRAFYA DERSİ ÖĞRETİM PROGRAMI,11.3.2,Farklı kültürel bölgelerin yeryüzünde yayılışına etki eden faktörleri açıklar.,"a) Kültürü oluşturan unsurlara yer verilir. b) Farklı kültür bölgelerinin dağılış ve yayılış güzergâhları (İslam, Çin, Hint, Batı, Doğu, Slav-Rus ve Afrika kültür bölgeleri) dikkate alınarak kültür ile mekân arasındaki ilişkiye yer verilir. c) Kültürel çeşitliliğin önemine değinilerek farklı kültürlere karşı saygılın olmanın gerekliliği vurgulanır.","Kazanımın odağı, öğrencinin farklı kültürel bölgelerin yeryüzünde yayılışına etki eden faktörleri açıklar. hedefidir. Açıklamada belirtilen kapsam ve sınırlar soru ve etkinliklerde esas alınır.",farklı; kültürel; bölgelerin; yeryüzünde; yayılışına; etki; eden; faktörleri
cografya-11-11_3_3,75,COĞRAFYA,11,,,11. SINIF COĞRAFYA DERSİ ÖĞRETİM PROGRAMI,11.3.3,Türk kültürünün yayılış alanlarını bölgesel özellikler açısından analiz eder.,"a) Türk kültürünün doğuşu, gelişimi ve özellikleri mekânla ilişkilendirilerek verilir. KÜRESEL b) Türk kültürünü temsil eden başlıca maddi ve manevi unsurlara örnekler üzerinden yer verilir. ORTAM:","Kazanımın odağı, öğrencinin türk kültürünün yayılış alanlarını bölgesel özellikler açısından analiz eder. hedefidir. Açıklamada belirtilen kapsam ve sınırlar soru ve etkinliklerde esas alınır.",türk; kültürünün; yayılış; alanlarını; bölgesel; özellikler; açısından
cografya-11-11_3_4,76,COĞRAFYA,11,,,11. SINIF COĞRAFYA DERSİ ÖĞRETİM PROGRAMI,11.3.4,Türkiye’nin tarih boyunca medeniyetler merkezi olmasını konumu açısından değerlendirir.,BÖLGELER,"Kazanımın odağı, öğrencinin türkiye’nin tarih boyunca medeniyetler merkezi olmasını konumu açısından değerlendirir. hedefidir. Açıklamada belirtilen kapsam ve sınırlar soru ve etkinliklerde esas alınır.",türkiye’nin; tarih; boyunca; medeniyetler; merkezi; olmasını; konumu; açısından
cografya-11-11_3_5,77,COĞRAFYA,11,,,11. SINIF COĞRAFYA DERSİ ÖĞRETİM PROGRAMI,11.3.5,"Ülkeler ve bölgeler arasındaki ticaret ile ham madde, üretim ve pazar alanlarını ilişkilendirir.","VE Dünya üzerindeki önemli ham madde, üretim ve pazar alanlarının oluşumunda etkili olan faktörler ile bu alanlar arasındaki ilişkiye yer ÜLKELER verilir.","Kazanımın odağı, öğrencinin ülkeler ve bölgeler arasındaki ticaret ile ham madde, üretim ve pazar alanlarını ilişkilendirir. hedefidir. Açıklamada belirtilen kapsam ve sınırlar soru ve etkinliklerde esas alınır.",ülkeler; bölgeler; arasındaki; ticaret; madde; üretim; pazar; alanlarını
cografya-11-11_3_6,78,COĞRAFYA,11,,,11. SINIF COĞRAFYA DERSİ ÖĞRETİM PROGRAMI,11.3.6,Ülkeler arası etkileşimde turizm faaliyetlerinin rolünü açıklar.,,"Kazanımın odağı, öğrencinin ülkeler arası etkileşimde turizm faaliyetlerinin rolünü açıklar. hedefidir.",ülkeler; arası; etkileşimde; turizm; faaliyetlerinin; rolünü
cografya-11-11_3_7,79,COĞRAFYA,11,,,11. SINIF COĞRAFYA DERSİ ÖĞRETİM PROGRAMI,11.3.7,Sanayileşmiş bir ülkeyi sanayileşme süreçleri açısından değerlendirir.,,"Kazanımın odağı, öğrencinin sanayileşmiş bir ülkeyi sanayileşme süreçleri açısından değerlendirir. hedefidir.",sanayileşmiş; ülkeyi; sanayileşme; süreçleri; açısından
cografya-11-11_3_8,80,COĞRAFYA,11,,,11. SINIF COĞRAFYA DERSİ ÖĞRETİM PROGRAMI,11.3.8,Farklı gelişmişlik düzeylerine sahip ülkelerin tarım-ekonomi ilişkisini analiz eder.,,"Kazanımın odağı, öğrencinin farklı gelişmişlik düzeylerine sahip ülkelerin tarım-ekonomi ilişkisini analiz eder. hedefidir.",farklı; gelişmişlik; düzeylerine; sahip; ülkelerin; tarım-ekonomi; ilişkisini
cografya-11-11_3_9,81,COĞRAFYA,11,,,11. SINIF COĞRAFYA DERSİ ÖĞRETİM PROGRAMI,11.3.9,Bölgesel ve küresel ölçekteki örgütleri etki alanları açısından değerlendirir.,"a) Bölgesel ve küresel ölçekteki örgütlerin (AB, BDT, BM, D-8, G-20, İİT, KEİK, NATO, OECD, OPEC) amaçları, işlevleri ve etki alanları itibarıyla tanıtılır. b) Türkiye’nin küresel ve bölgesel ölçekteki siyasi, askeri ve ekonomik örgütlerle ilişkisine yer verilir.","Kazanımın odağı, öğrencinin bölgesel ve küresel ölçekteki örgütleri etki alanları açısından değerlendirir. hedefidir. Açıklamada belirtilen kapsam ve sınırlar soru ve etkinliklerde esas alınır.",bölgesel; küresel; ölçekteki; örgütleri; etki; alanları; açısından
cografya-11-11_4_1,82,COĞRAFYA,11,,,11. SINIF COĞRAFYA DERSİ ÖĞRETİM PROGRAMI,11.4.1,Çevre sorunlarını oluşum sebeplerine göre sınıflandırır.,,"Kazanımın odağı, öğrencinin çevre sorunlarını oluşum sebeplerine göre sınıflandırır. hedefidir.",çevre; sorunlarını; oluşum; sebeplerine; sınıflandırır
cografya-11-11_4_2,83,COĞRAFYA,11,,,11. SINIF COĞRAFYA DERSİ ÖĞRETİM PROGRAMI,11.4.2,Madenlerin ve enerji kaynaklarının çevre üzerindeki etkilerini örneklerle açıklar.,"Madenlerin ve enerji kaynaklarının üretimi, dağıtımı ve tüketimindeki etkilerine yer verilir.","Kazanımın odağı, öğrencinin madenlerin ve enerji kaynaklarının çevre üzerindeki etkilerini örneklerle açıklar. hedefidir. Açıklamada belirtilen kapsam ve sınırlar soru ve etkinliklerde esas alınır.",madenlerin; enerji; kaynaklarının; çevre; üzerindeki; etkilerini; örneklerle
cografya-11-11_4_3,84,COĞRAFYA,11,,,11. SINIF COĞRAFYA DERSİ ÖĞRETİM PROGRAMI,11.4.3,Yenilenemeyen kaynakların kullanımını tükenebilirlik ve alternatif kaynaklar açısından analiz eder.,Yenilenemeyen enerji kaynaklarının kullanımı konusunda bireylere düşen sorumluluklar üzerinde durulur.,"Kazanımın odağı, öğrencinin yenilenemeyen kaynakların kullanımını tükenebilirlik ve alternatif kaynaklar açısından analiz eder. hedefidir. Açıklamada belirtilen kapsam ve sınırlar soru ve etkinliklerde esas alınır.",yenilenemeyen; kaynakların; kullanımını; tükenebilirlik; alternatif; kaynaklar; açısından
cografya-11-11_4_4,85,COĞRAFYA,11,,,11. SINIF COĞRAFYA DERSİ ÖĞRETİM PROGRAMI,11.4.4,Farklı gelişmişliğe sahip ülkelerdeki doğal kaynak kullanımını çevresel etkileri açısından değerlendirir.,ÇEVRE VE a) Doğal kaynakların etkin kullanımında çevre planlamasının önemine değinilir. TOPLUM b) Türkiye'den örneklere yer verilir.,"Kazanımın odağı, öğrencinin farklı gelişmişliğe sahip ülkelerdeki doğal kaynak kullanımını çevresel etkileri açısından değerlendirir. hedefidir. Açıklamada belirtilen kapsam ve sınırlar soru ve etkinliklerde esas alınır.",farklı; gelişmişliğe; sahip; ülkelerdeki; doğal; kaynak; kullanımını; çevresel
cografya-11-11_4_5,86,COĞRAFYA,11,,,11. SINIF COĞRAFYA DERSİ ÖĞRETİM PROGRAMI,11.4.5,Arazi kullanımına ilişkin farklı uygulamaları çevre üzerindeki etkileri açısından değerlendirir.,,"Kazanımın odağı, öğrencinin arazi kullanımına ilişkin farklı uygulamaları çevre üzerindeki etkileri açısından değerlendirir. hedefidir.",arazi; kullanımına; ilişkin; farklı; uygulamaları; çevre; üzerindeki; etkileri
cografya-11-11_4_6,87,COĞRAFYA,11,,,11. SINIF COĞRAFYA DERSİ ÖĞRETİM PROGRAMI,11.4.6,Çevre sorunlarının oluşum ve yayılma süreçlerini küresel etkileri açısından analiz eder.,a) Çevre ve insan sağlığı açısından atıklardan korunma yöntemlerine yer verilir. b) Teknolojik değişimlerin çevresel sonuçları ve insana etkilerine örnekler üzerinden değinilir.,"Kazanımın odağı, öğrencinin çevre sorunlarının oluşum ve yayılma süreçlerini küresel etkileri açısından analiz eder. hedefidir. Açıklamada belirtilen kapsam ve sınırlar soru ve etkinliklerde esas alınır.",çevre; sorunlarının; oluşum; yayılma; süreçlerini; küresel; etkileri; açısından
cografya-11-11_4_7,88,COĞRAFYA,11,,,11. SINIF COĞRAFYA DERSİ ÖĞRETİM PROGRAMI,11.4.7,Doğal kaynakların sürdürülebilir kullanımını geri dönüşüm stratejileri açısından değerlendirir.,,"Kazanımın odağı, öğrencinin doğal kaynakların sürdürülebilir kullanımını geri dönüşüm stratejileri açısından değerlendirir. hedefidir.",doğal; kaynakların; sürdürülebilir; kullanımını; geri; dönüşüm; stratejileri; açısından
